Channel_Metadata_Filename,channel_metadata_url,entityId,File_Size,md5
geomx_imaging_channel_metadata/HTAN_TMA_TNP_Nanostring_GeoMx_DSP_Channel_Data.csv,s3://cds-290-htan-x6gj-xr09/v24.8.1.img/htan-dcc-tma-tnp/geomx_imaging_channel_metadata/HTAN_TMA_TNP_Nanostring_GeoMx_DSP_Channel_Data.csv,syn61519150,1400,9d14635deafdafe0d63ad80cdf678a01
ORION202307_channel_metadata/73-11-channel-metadata.csv,s3://cds-290-htan-x6gj-xr09/v24.8.1.img/htan-dcc-hms/ORION202307_channel_metadata/73-11-channel-metadata.csv,syn52132423,4241,7ff87d77e65a1455c4308033c081486d
ORION202307_channel_metadata/73-10-channel-metadata.csv,s3://cds-290-htan-x6gj-xr09/v24.8.1.img/htan-dcc-hms/ORION202307_channel_metadata/73-10-channel-metadata.csv,syn52132424,3954,ebba12322b196153cc8db766be2e5f0b
PCGA_01/Notch/IMC/Imaging Level 3 Channels_NOTCH1_IMC_RP.csv,s3://cds-290-htan-x6gj-xr09/v24.8.1.img/htan-dcc-bu/PCGA_01/Notch/IMC/Imaging_Level_3_Channels_NOTCH1_IMC_RP.csv,syn52965897,2184,7c69f0bd1558e6c70388e26e01997791
mibi_imaging_level_2/mibi_channel_details.csv,s3://cds-290-htan-x6gj-xr09/v24.8.1.img/htan-dcc-duke/mibi_imaging_level_2/mibi_channel_details.csv,syn26942637,2793,d8452743bb071045ebd8629b56ab6fdb
mxif_level_2/AFsubtracted/metadata/HTA11_1391_20000010115220280010000000000_metadata.csv,s3://cds-290-htan-x6gj-xr09/v24.8.1.img/htan-dcc-vanderbilt/mxif_level_2/AFsubtracted/metadata/HTA11_1391_20000010115220280010000000000_metadata.csv,syn25126434,19132,2553af07908cfea84b2d8c31c8d20949
mxif_level_2/AFsubtracted/metadata/HTA11_1391_20000010115220280020000000000_metadata.csv,s3://cds-290-htan-x6gj-xr09/v24.8.1.img/htan-dcc-vanderbilt/mxif_level_2/AFsubtracted/metadata/HTA11_1391_20000010115220280020000000000_metadata.csv,syn25126433,19132,5f2b94d83f5ddec2593a7bfb83a9a8bc
mxif_level_2/AFsubtracted/metadata/HTA11_1391_20000010115220280030000000000_metadata.csv,s3://cds-290-htan-x6gj-xr09/v24.8.1.img/htan-dcc-vanderbilt/mxif_level_2/AFsubtracted/metadata/HTA11_1391_20000010115220280030000000000_metadata.csv,syn25126432,19132,b2390353f6e98ba307a3cd2298a0ca74
mxif_level_2/AFsubtracted/metadata/HTA11_1938_20000010115220280010000000000_metadata.csv,s3://cds-290-htan-x6gj-xr09/v24.8.1.img/htan-dcc-vanderbilt/mxif_level_2/AFsubtracted/metadata/HTA11_1938_20000010115220280010000000000_metadata.csv,syn25126431,19188,6685c8dd5f44e918a9f30750d20bd19d
mxif_level_2/AFsubtracted/metadata/HTA11_1938_20000010115220280020000000000_metadata.csv,s3://cds-290-htan-x6gj-xr09/v24.8.1.img/htan-dcc-vanderbilt/mxif_level_2/AFsubtracted/metadata/HTA11_1938_20000010115220280020000000000_metadata.csv,syn25126430,19188,48fb9cf884f252556022eaf31dbf8a6f
mxif_level_2/AFsubtracted/metadata/HTA11_2112_20000010115220260010000000000_metadata.csv,s3://cds-290-htan-x6gj-xr09/v24.8.1.img/htan-dcc-vanderbilt/mxif_level_2/AFsubtracted/metadata/HTA11_2112_20000010115220260010000000000_metadata.csv,syn25126429,17811,a091782f793cef6b43e64e005ba6959b
mxif_level_2/AFsubtracted/metadata/HTA11_2112_20000010115220260020000000000_metadata.csv,s3://cds-290-htan-x6gj-xr09/v24.8.1.img/htan-dcc-vanderbilt/mxif_level_2/AFsubtracted/metadata/HTA11_2112_20000010115220260020000000000_metadata.csv,syn25126428,17811,8bbf4e62267f6fd1daf79e635d3adbdd
mxif_level_2/AFsubtracted/metadata/HTA11_2112_20000010115220260030000000000_metadata.csv,s3://cds-290-htan-x6gj-xr09/v24.8.1.img/htan-dcc-vanderbilt/mxif_level_2/AFsubtracted/metadata/HTA11_2112_20000010115220260030000000000_metadata.csv,syn25126427,17811,1c13c85c0e90b187e7178dc1ba230262
mxif_level_2/AFsubtracted/metadata/HTA11_2112_20000010115220260040000000000_metadata.csv,s3://cds-290-htan-x6gj-xr09/v24.8.1.img/htan-dcc-vanderbilt/mxif_level_2/AFsubtracted/metadata/HTA11_2112_20000010115220260040000000000_metadata.csv,syn25126426,17811,a968fb2e9272f8af86aac23e65996d4a
mxif_level_2/AFsubtracted/metadata/HTA11_2235_20000010115220280010000000000_metadata.csv,s3://cds-290-htan-x6gj-xr09/v24.8.1.img/htan-dcc-vanderbilt/mxif_level_2/AFsubtracted/metadata/HTA11_2235_20000010115220280010000000000_metadata.csv,syn25126425,19132,f0bc40664847fb28889e2e389fe8663e
mxif_level_2/AFsubtracted/metadata/HTA11_2235_20000010115220280020000000000_metadata.csv,s3://cds-290-htan-x6gj-xr09/v24.8.1.img/htan-dcc-vanderbilt/mxif_level_2/AFsubtracted/metadata/HTA11_2235_20000010115220280020000000000_metadata.csv,syn25126424,19132,3d2e711fbe766056fc8e1ee4307edfa2
mxif_level_2/AFsubtracted/metadata/HTA11_2235_20000010115220280030000000000_metadata.csv,s3://cds-290-htan-x6gj-xr09/v24.8.1.img/htan-dcc-vanderbilt/mxif_level_2/AFsubtracted/metadata/HTA11_2235_20000010115220280030000000000_metadata.csv,syn25126423,19132,88b09a009c4ae56e980f8a6631401af7
mxif_level_2/AFsubtracted/metadata/HTA11_2487_20000010115220260010000000000_metadata.csv,s3://cds-290-htan-x6gj-xr09/v24.8.1.img/htan-dcc-vanderbilt/mxif_level_2/AFsubtracted/metadata/HTA11_2487_20000010115220260010000000000_metadata.csv,syn25126422,17863,448d48bc63a01afcbd70ac9cc80b8f5d
mxif_level_2/AFsubtracted/metadata/HTA11_2487_20000010115220260020000000000_metadata.csv,s3://cds-290-htan-x6gj-xr09/v24.8.1.img/htan-dcc-vanderbilt/mxif_level_2/AFsubtracted/metadata/HTA11_2487_20000010115220260020000000000_metadata.csv,syn25126421,17863,687f2e5ba1b17e96d7dbeab442b633be
mxif_level_2/AFsubtracted/metadata/HTA11_2951_20000010115220280010000000000_metadata.csv,s3://cds-290-htan-x6gj-xr09/v24.8.1.img/htan-dcc-vanderbilt/mxif_level_2/AFsubtracted/metadata/HTA11_2951_20000010115220280010000000000_metadata.csv,syn25126420,19188,ce9f84679f111daf5b195e0b914a079d
mxif_level_2/AFsubtracted/metadata/HTA11_2951_20000010115220280020000000000_metadata.csv,s3://cds-290-htan-x6gj-xr09/v24.8.1.img/htan-dcc-vanderbilt/mxif_level_2/AFsubtracted/metadata/HTA11_2951_20000010115220280020000000000_metadata.csv,syn25126419,19188,85d14d71b453de2a3369d83fefb87533
mxif_level_2/AFsubtracted/metadata/HTA11_2951_20000010115220280030000000000_metadata.csv,s3://cds-290-htan-x6gj-xr09/v24.8.1.img/htan-dcc-vanderbilt/mxif_level_2/AFsubtracted/metadata/HTA11_2951_20000010115220280030000000000_metadata.csv,syn25126418,19188,93ae34109754d6baa2d58ddf269cf667
mxif_level_2/AFsubtracted/metadata/HTA11_3077_20000010115220280010000000000_metadata.csv,s3://cds-290-htan-x6gj-xr09/v24.8.1.img/htan-dcc-vanderbilt/mxif_level_2/AFsubtracted/metadata/HTA11_3077_20000010115220280010000000000_metadata.csv,syn25126417,19188,c4fa4d2737e89b614441fa7cc9ad8f80
mxif_level_2/AFsubtracted/metadata/HTA11_3077_20000010115220280020000000000_metadata.csv,s3://cds-290-htan-x6gj-xr09/v24.8.1.img/htan-dcc-vanderbilt/mxif_level_2/AFsubtracted/metadata/HTA11_3077_20000010115220280020000000000_metadata.csv,syn25126416,19188,2c2a35ccdc290b47ade09d0146b491a2
mxif_level_2/AFsubtracted/metadata/HTA11_3077_20000010115220280030000000000_metadata.csv,s3://cds-290-htan-x6gj-xr09/v24.8.1.img/htan-dcc-vanderbilt/mxif_level_2/AFsubtracted/metadata/HTA11_3077_20000010115220280030000000000_metadata.csv,syn25126415,19160,d1c4d5e09cfd482d01d8e56bc8979d01
mxif_level_2/AFsubtracted/metadata/HTA11_3077_20000010115220280040000000000_metadata.csv,s3://cds-290-htan-x6gj-xr09/v24.8.1.img/htan-dcc-vanderbilt/mxif_level_2/AFsubtracted/metadata/HTA11_3077_20000010115220280040000000000_metadata.csv,syn25126414,19188,a17dce55c12c7d4631416c1058351f74
mxif_level_2/AFsubtracted/metadata/HTA11_3252_20000010115220260010000000000_metadata.csv,s3://cds-290-htan-x6gj-xr09/v24.8.1.img/htan-dcc-vanderbilt/mxif_level_2/AFsubtracted/metadata/HTA11_3252_20000010115220260010000000000_metadata.csv,syn25126413,17811,cf584550c0e31af6e1eb310f6eee590c
mxif_level_2/AFsubtracted/metadata/HTA11_3252_20000010115220260020000000000_metadata.csv,s3://cds-290-htan-x6gj-xr09/v24.8.1.img/htan-dcc-vanderbilt/mxif_level_2/AFsubtracted/metadata/HTA11_3252_20000010115220260020000000000_metadata.csv,syn25126412,17811,7c27504e3b3eefb77e8edbdb526b14f4
mxif_level_2/AFsubtracted/metadata/HTA11_3252_20000010115220260030000000000_metadata.csv,s3://cds-290-htan-x6gj-xr09/v24.8.1.img/htan-dcc-vanderbilt/mxif_level_2/AFsubtracted/metadata/HTA11_3252_20000010115220260030000000000_metadata.csv,syn25126411,17811,877168c4e5074c2a38bb0c5683b11793
mxif_level_2/AFsubtracted/metadata/HTA11_3252_20000010115220260040000000000_metadata.csv,s3://cds-290-htan-x6gj-xr09/v24.8.1.img/htan-dcc-vanderbilt/mxif_level_2/AFsubtracted/metadata/HTA11_3252_20000010115220260040000000000_metadata.csv,syn25126410,17811,2515879ed66551102383b2f45d2f3ffe
mxif_level_2/AFsubtracted/metadata/HTA11_3252_20000010115220260050000000000_metadata.csv,s3://cds-290-htan-x6gj-xr09/v24.8.1.img/htan-dcc-vanderbilt/mxif_level_2/AFsubtracted/metadata/HTA11_3252_20000010115220260050000000000_metadata.csv,syn25126409,17811,59fad53678ded1a4dcdde7656cff7122
mxif_level_2/AFsubtracted/metadata/HTA11_3252_20000010115220260060000000000_metadata.csv,s3://cds-290-htan-x6gj-xr09/v24.8.1.img/htan-dcc-vanderbilt/mxif_level_2/AFsubtracted/metadata/HTA11_3252_20000010115220260060000000000_metadata.csv,syn25126407,17811,d15b190ac8164a341561c04b00f0b217
mxif_level_2/AFsubtracted/metadata/HTA11_3331_20000010115220280010000000000_metadata.csv,s3://cds-290-htan-x6gj-xr09/v24.8.1.img/htan-dcc-vanderbilt/mxif_level_2/AFsubtracted/metadata/HTA11_3331_20000010115220280010000000000_metadata.csv,syn25126406,19188,6bcd12adb0fca3e29db719e9f04f6ab2
mxif_level_2/AFsubtracted/metadata/HTA11_3361_20000010115220260010000000000_metadata.csv,s3://cds-290-htan-x6gj-xr09/v24.8.1.img/htan-dcc-vanderbilt/mxif_level_2/AFsubtracted/metadata/HTA11_3361_20000010115220260010000000000_metadata.csv,syn25126405,17863,72d480f36f426c1c77828c93e6189926
mxif_level_2/AFsubtracted/metadata/HTA11_3361_20000010115220260020000000000_metadata.csv,s3://cds-290-htan-x6gj-xr09/v24.8.1.img/htan-dcc-vanderbilt/mxif_level_2/AFsubtracted/metadata/HTA11_3361_20000010115220260020000000000_metadata.csv,syn25126404,17863,ad955984e8777fa5f3b541619a0e53d1
mxif_level_2/AFsubtracted/metadata/HTA11_3361_20000010115220260030000000000_metadata.csv,s3://cds-290-htan-x6gj-xr09/v24.8.1.img/htan-dcc-vanderbilt/mxif_level_2/AFsubtracted/metadata/HTA11_3361_20000010115220260030000000000_metadata.csv,syn25126403,17863,4443248f3c8f64306b3fd0a4817bb505
mxif_level_2/AFsubtracted/metadata/HTA11_3361_20000010115220260040000000000_metadata.csv,s3://cds-290-htan-x6gj-xr09/v24.8.1.img/htan-dcc-vanderbilt/mxif_level_2/AFsubtracted/metadata/HTA11_3361_20000010115220260040000000000_metadata.csv,syn25126402,17863,38e9bb51a037f1da2e4610e0c67fbcbe
mxif_level_2/AFsubtracted/metadata/HTA11_3361_20000010115220260050000000000_metadata.csv,s3://cds-290-htan-x6gj-xr09/v24.8.1.img/htan-dcc-vanderbilt/mxif_level_2/AFsubtracted/metadata/HTA11_3361_20000010115220260050000000000_metadata.csv,syn25126401,17863,c1de88e81311e9cac2e1bd7215268365
mxif_level_2/AFsubtracted/metadata/HTA11_3361_20000010115220260060000000000_metadata.csv,s3://cds-290-htan-x6gj-xr09/v24.8.1.img/htan-dcc-vanderbilt/mxif_level_2/AFsubtracted/metadata/HTA11_3361_20000010115220260060000000000_metadata.csv,syn25126399,17863,ea99e867a79d015747d0c9b10c2b114b
mxif_level_2/AFsubtracted/metadata/HTA11_3361_20000010115220260070000000000_metadata.csv,s3://cds-290-htan-x6gj-xr09/v24.8.1.img/htan-dcc-vanderbilt/mxif_level_2/AFsubtracted/metadata/HTA11_3361_20000010115220260070000000000_metadata.csv,syn25126398,17863,e1040464dd8c9d68450059c81b7b7aef
mxif_level_2/AFsubtracted/metadata/HTA11_3361_20000010115220260080000000000_metadata.csv,s3://cds-290-htan-x6gj-xr09/v24.8.1.img/htan-dcc-vanderbilt/mxif_level_2/AFsubtracted/metadata/HTA11_3361_20000010115220260080000000000_metadata.csv,syn25126397,17863,dc102561134959513defc349a550d2c1
mxif_level_2/AFsubtracted/metadata/HTA11_3361_20000010115220260090000000000_metadata.csv,s3://cds-290-htan-x6gj-xr09/v24.8.1.img/htan-dcc-vanderbilt/mxif_level_2/AFsubtracted/metadata/HTA11_3361_20000010115220260090000000000_metadata.csv,syn25126396,17863,cb4420b54c0bf6ac74092124fa784aed
mxif_level_2/AFsubtracted/metadata/HTA11_3361_20000010115220260100000000000_metadata.csv,s3://cds-290-htan-x6gj-xr09/v24.8.1.img/htan-dcc-vanderbilt/mxif_level_2/AFsubtracted/metadata/HTA11_3361_20000010115220260100000000000_metadata.csv,syn25126395,17863,12d1c71bcd9ad463a16babc649bde534
mxif_level_2/AFsubtracted/metadata/HTA11_3410_20000010115220280010000000000_metadata.csv,s3://cds-290-htan-x6gj-xr09/v24.8.1.img/htan-dcc-vanderbilt/mxif_level_2/AFsubtracted/metadata/HTA11_3410_20000010115220280010000000000_metadata.csv,syn25126394,19216,0f950abe053424bb7f1a35c13c38918f
mxif_level_2/AFsubtracted/metadata/HTA11_3410_20000010115220280020000000000_metadata.csv,s3://cds-290-htan-x6gj-xr09/v24.8.1.img/htan-dcc-vanderbilt/mxif_level_2/AFsubtracted/metadata/HTA11_3410_20000010115220280020000000000_metadata.csv,syn25126393,19188,dd193ed2d0a5f339034f575906037712
mxif_level_2/AFsubtracted/metadata/HTA11_3410_20000010115220280030000000000_metadata.csv,s3://cds-290-htan-x6gj-xr09/v24.8.1.img/htan-dcc-vanderbilt/mxif_level_2/AFsubtracted/metadata/HTA11_3410_20000010115220280030000000000_metadata.csv,syn25126392,19188,ffb04667975a5ac6d5ec93e1e17994c7
mxif_level_2/AFsubtracted/metadata/HTA11_3410_20000010115220280040000000000_metadata.csv,s3://cds-290-htan-x6gj-xr09/v24.8.1.img/htan-dcc-vanderbilt/mxif_level_2/AFsubtracted/metadata/HTA11_3410_20000010115220280040000000000_metadata.csv,syn25126391,19188,cfc5e9210e60bd7976bb015aa3b105b5
mxif_level_2/AFsubtracted/metadata/HTA11_3410_20000010115220280050000000000_metadata.csv,s3://cds-290-htan-x6gj-xr09/v24.8.1.img/htan-dcc-vanderbilt/mxif_level_2/AFsubtracted/metadata/HTA11_3410_20000010115220280050000000000_metadata.csv,syn25126390,19188,ba0a18f6af0a3313a52871b62b613739
mxif_level_2/AFsubtracted/metadata/HTA11_347_20000010115220280010000000000_metadata.csv,s3://cds-290-htan-x6gj-xr09/v24.8.1.img/htan-dcc-vanderbilt/mxif_level_2/AFsubtracted/metadata/HTA11_347_20000010115220280010000000000_metadata.csv,syn25126461,19020,17d8f18cdb5d7f784b81440fe2263e1a
mxif_level_2/AFsubtracted/metadata/HTA11_347_20000010115220280020000000000_metadata.csv,s3://cds-290-htan-x6gj-xr09/v24.8.1.img/htan-dcc-vanderbilt/mxif_level_2/AFsubtracted/metadata/HTA11_347_20000010115220280020000000000_metadata.csv,syn25126458,19020,36f9908e141b4ad04b5101aa6a87b4e3
mxif_level_2/AFsubtracted/metadata/HTA11_347_20000010115220280030000000000_metadata.csv,s3://cds-290-htan-x6gj-xr09/v24.8.1.img/htan-dcc-vanderbilt/mxif_level_2/AFsubtracted/metadata/HTA11_347_20000010115220280030000000000_metadata.csv,syn25126457,19020,5bc4eaeaaf82c7b54c37d4295f5a6f7f
mxif_level_2/AFsubtracted/metadata/HTA11_377_20000010115220280010000000000_metadata.csv,s3://cds-290-htan-x6gj-xr09/v24.8.1.img/htan-dcc-vanderbilt/mxif_level_2/AFsubtracted/metadata/HTA11_377_20000010115220280010000000000_metadata.csv,syn25126456,18992,9c538abfb8dec21de39a73078f1112ec
mxif_level_2/AFsubtracted/metadata/HTA11_377_20000010115220280020000000000_metadata.csv,s3://cds-290-htan-x6gj-xr09/v24.8.1.img/htan-dcc-vanderbilt/mxif_level_2/AFsubtracted/metadata/HTA11_377_20000010115220280020000000000_metadata.csv,syn25126455,19048,011d7935a46bfa48547dfabf34750ffe
mxif_level_2/AFsubtracted/metadata/HTA11_377_20000010115220280030000000000_metadata.csv,s3://cds-290-htan-x6gj-xr09/v24.8.1.img/htan-dcc-vanderbilt/mxif_level_2/AFsubtracted/metadata/HTA11_377_20000010115220280030000000000_metadata.csv,syn25126454,18992,5d22a59eecb9470949a30dc9d80f753a
mxif_level_2/AFsubtracted/metadata/HTA11_392_30000110115220260010000000000_metadata.csv,s3://cds-290-htan-x6gj-xr09/v24.8.1.img/htan-dcc-vanderbilt/mxif_level_2/AFsubtracted/metadata/HTA11_392_30000110115220260010000000000_metadata.csv,syn25126453,17785,accd716487e6e6f13a67de24879a1f4a
mxif_level_2/AFsubtracted/metadata/HTA11_392_30000110115220260020000000000_metadata.csv,s3://cds-290-htan-x6gj-xr09/v24.8.1.img/htan-dcc-vanderbilt/mxif_level_2/AFsubtracted/metadata/HTA11_392_30000110115220260020000000000_metadata.csv,syn25126452,17785,f252f2102db49b8a00a904c57eb77fd7
mxif_level_2/AFsubtracted/metadata/HTA11_392_30000110115220260030000000000_metadata.csv,s3://cds-290-htan-x6gj-xr09/v24.8.1.img/htan-dcc-vanderbilt/mxif_level_2/AFsubtracted/metadata/HTA11_392_30000110115220260030000000000_metadata.csv,syn25126450,17759,21d1da571223ee6c46dc9284256f4905
mxif_level_2/AFsubtracted/metadata/HTA11_392_30000110115220260040000000000_metadata.csv,s3://cds-290-htan-x6gj-xr09/v24.8.1.img/htan-dcc-vanderbilt/mxif_level_2/AFsubtracted/metadata/HTA11_392_30000110115220260040000000000_metadata.csv,syn25126449,17785,72ff3e44e461c524273d4dd95f5a5052
mxif_level_2/AFsubtracted/metadata/HTA11_392_30000110115220260050000000000_metadata.csv,s3://cds-290-htan-x6gj-xr09/v24.8.1.img/htan-dcc-vanderbilt/mxif_level_2/AFsubtracted/metadata/HTA11_392_30000110115220260050000000000_metadata.csv,syn25126448,17785,5982fd231b1c85f47aaddfe2786805e1
mxif_level_2/AFsubtracted/metadata/HTA11_392_30000110115220260060000000000_metadata.csv,s3://cds-290-htan-x6gj-xr09/v24.8.1.img/htan-dcc-vanderbilt/mxif_level_2/AFsubtracted/metadata/HTA11_392_30000110115220260060000000000_metadata.csv,syn25126447,17785,aaa8f158f40ed49958e40e98dcad7102
mxif_level_2/AFsubtracted/metadata/HTA11_411_20000010115220260010000000000_metadata.csv,s3://cds-290-htan-x6gj-xr09/v24.8.1.img/htan-dcc-vanderbilt/mxif_level_2/AFsubtracted/metadata/HTA11_411_20000010115220260010000000000_metadata.csv,syn25126446,17707,0c326579b9ea0423c65b6620c1b85d70
mxif_level_2/AFsubtracted/metadata/HTA11_411_20000010115220260020000000000_metadata.csv,s3://cds-290-htan-x6gj-xr09/v24.8.1.img/htan-dcc-vanderbilt/mxif_level_2/AFsubtracted/metadata/HTA11_411_20000010115220260020000000000_metadata.csv,syn25126445,17707,872f2aac6943dd6a6ca98b05f94d3061
mxif_level_2/AFsubtracted/metadata/HTA11_411_20000010115220260030000000000_metadata.csv,s3://cds-290-htan-x6gj-xr09/v24.8.1.img/htan-dcc-vanderbilt/mxif_level_2/AFsubtracted/metadata/HTA11_411_20000010115220260030000000000_metadata.csv,syn25126444,17707,2945fa98b2e0567e2ad07ea5b1acaf80
mxif_level_2/AFsubtracted/metadata/HTA11_411_20000010115220260040000000000_metadata.csv,s3://cds-290-htan-x6gj-xr09/v24.8.1.img/htan-dcc-vanderbilt/mxif_level_2/AFsubtracted/metadata/HTA11_411_20000010115220260040000000000_metadata.csv,syn25126443,17707,da561c503b9803836f35b17aef1d5d5b
mxif_level_2/AFsubtracted/metadata/HTA11_4255_20000010115220280010000000000_metadata.csv,s3://cds-290-htan-x6gj-xr09/v24.8.1.img/htan-dcc-vanderbilt/mxif_level_2/AFsubtracted/metadata/HTA11_4255_20000010115220280010000000000_metadata.csv,syn25126388,19132,7d61ae1a0ec70b532fef92411b1b8734
mxif_level_2/AFsubtracted/metadata/HTA11_4255_20000010115220280020000000000_metadata.csv,s3://cds-290-htan-x6gj-xr09/v24.8.1.img/htan-dcc-vanderbilt/mxif_level_2/AFsubtracted/metadata/HTA11_4255_20000010115220280020000000000_metadata.csv,syn25126387,19132,157273ae3ff6a088d97e14fe0397f19c
mxif_level_2/AFsubtracted/metadata/HTA11_4781_20000010115220280010000000000_metadata.csv,s3://cds-290-htan-x6gj-xr09/v24.8.1.img/htan-dcc-vanderbilt/mxif_level_2/AFsubtracted/metadata/HTA11_4781_20000010115220280010000000000_metadata.csv,syn25126386,19132,260371c5c69b5621f83b5c15172af73a
mxif_level_2/AFsubtracted/metadata/HTA11_4781_20000010115220280020000000000_metadata.csv,s3://cds-290-htan-x6gj-xr09/v24.8.1.img/htan-dcc-vanderbilt/mxif_level_2/AFsubtracted/metadata/HTA11_4781_20000010115220280020000000000_metadata.csv,syn25126385,19132,9aa67cb0c60fe2230f1cd83900a10895
mxif_level_2/AFsubtracted/metadata/HTA11_4781_20000010115220280030000000000_metadata.csv,s3://cds-290-htan-x6gj-xr09/v24.8.1.img/htan-dcc-vanderbilt/mxif_level_2/AFsubtracted/metadata/HTA11_4781_20000010115220280030000000000_metadata.csv,syn25126384,19188,82452d81a0247af6689bb2c9a3ca311d
mxif_level_2/AFsubtracted/metadata/HTA11_4814_20000010115220260010000000000_metadata.csv,s3://cds-290-htan-x6gj-xr09/v24.8.1.img/htan-dcc-vanderbilt/mxif_level_2/AFsubtracted/metadata/HTA11_4814_20000010115220260010000000000_metadata.csv,syn25126383,17837,37195a88f03062a9786138c6587dcf0f
mxif_level_2/AFsubtracted/metadata/HTA11_5212_20000010115220280010000000000_metadata.csv,s3://cds-290-htan-x6gj-xr09/v24.8.1.img/htan-dcc-vanderbilt/mxif_level_2/AFsubtracted/metadata/HTA11_5212_20000010115220280010000000000_metadata.csv,syn25126382,19188,90513973e4d5e90b2141686b111f4c24
mxif_level_2/AFsubtracted/metadata/HTA11_5216_20000010115220280010000000000_metadata.csv,s3://cds-290-htan-x6gj-xr09/v24.8.1.img/htan-dcc-vanderbilt/mxif_level_2/AFsubtracted/metadata/HTA11_5216_20000010115220280010000000000_metadata.csv,syn25126381,19132,f1b607b1c2307c078483c22b6846d6a9
mxif_level_2/AFsubtracted/metadata/HTA11_5216_20000010115220280020000000000_metadata.csv,s3://cds-290-htan-x6gj-xr09/v24.8.1.img/htan-dcc-vanderbilt/mxif_level_2/AFsubtracted/metadata/HTA11_5216_20000010115220280020000000000_metadata.csv,syn25126380,19132,3023c8ee271850bfdf3f8fb2f586db4b
mxif_level_2/AFsubtracted/metadata/HTA11_5363_20000010115220260010000000000_metadata.csv,s3://cds-290-htan-x6gj-xr09/v24.8.1.img/htan-dcc-vanderbilt/mxif_level_2/AFsubtracted/metadata/HTA11_5363_20000010115220260010000000000_metadata.csv,syn25126379,17863,c8db8e7f3ccd428b53a98993fd6c4831
mxif_level_2/AFsubtracted/metadata/HTA11_546_20000010115220280010000000000_metadata.csv,s3://cds-290-htan-x6gj-xr09/v24.8.1.img/htan-dcc-vanderbilt/mxif_level_2/AFsubtracted/metadata/HTA11_546_20000010115220280010000000000_metadata.csv,syn25126441,18992,e9302f12dfcdcfd7bbd7749453a8fd3c
mxif_level_2/AFsubtracted/metadata/HTA11_546_20000010115220280020000000000_metadata.csv,s3://cds-290-htan-x6gj-xr09/v24.8.1.img/htan-dcc-vanderbilt/mxif_level_2/AFsubtracted/metadata/HTA11_546_20000010115220280020000000000_metadata.csv,syn25126440,19020,b7155d1fd040d25fc7ff3c8ec91e845e
mxif_level_2/AFsubtracted/metadata/HTA11_5994_20000010115220260010000000000_metadata.csv,s3://cds-290-htan-x6gj-xr09/v24.8.1.img/htan-dcc-vanderbilt/mxif_level_2/AFsubtracted/metadata/HTA11_5994_20000010115220260010000000000_metadata.csv,syn25126378,17863,ed3422324afadcf825b3c248daa894d1
mxif_level_2/AFsubtracted/metadata/HTA11_5994_20000010115220260020000000000_metadata.csv,s3://cds-290-htan-x6gj-xr09/v24.8.1.img/htan-dcc-vanderbilt/mxif_level_2/AFsubtracted/metadata/HTA11_5994_20000010115220260020000000000_metadata.csv,syn25126377,17811,fecdf58d93c7b509fe02ebb3d6391315
mxif_level_2/AFsubtracted/metadata/HTA11_5994_20000010115220260030000000000_metadata.csv,s3://cds-290-htan-x6gj-xr09/v24.8.1.img/htan-dcc-vanderbilt/mxif_level_2/AFsubtracted/metadata/HTA11_5994_20000010115220260030000000000_metadata.csv,syn25126376,17811,0f33424d72585ed710d7f756786c9ffe
mxif_level_2/AFsubtracted/metadata/HTA11_5994_20000010115220260040000000000_metadata.csv,s3://cds-290-htan-x6gj-xr09/v24.8.1.img/htan-dcc-vanderbilt/mxif_level_2/AFsubtracted/metadata/HTA11_5994_20000010115220260040000000000_metadata.csv,syn25126374,17811,8d770b576257068925f825862b030957
mxif_level_2/AFsubtracted/metadata/HTA11_5994_20000010115220260050000000000_metadata.csv,s3://cds-290-htan-x6gj-xr09/v24.8.1.img/htan-dcc-vanderbilt/mxif_level_2/AFsubtracted/metadata/HTA11_5994_20000010115220260050000000000_metadata.csv,syn25126373,17837,ee87fd903c9b6dd40d99267619465f47
mxif_level_2/AFsubtracted/metadata/HTA11_5994_20000010115220260060000000000_metadata.csv,s3://cds-290-htan-x6gj-xr09/v24.8.1.img/htan-dcc-vanderbilt/mxif_level_2/AFsubtracted/metadata/HTA11_5994_20000010115220260060000000000_metadata.csv,syn25126372,17837,49aeb5a9df5827ca7eaaa4efa0a3224f
mxif_level_2/AFsubtracted/metadata/HTA11_6025_20000010115220280010000000000_metadata.csv,s3://cds-290-htan-x6gj-xr09/v24.8.1.img/htan-dcc-vanderbilt/mxif_level_2/AFsubtracted/metadata/HTA11_6025_20000010115220280010000000000_metadata.csv,syn25126371,19132,c307a54adf308f00196cfa3ddbac2266
mxif_level_2/AFsubtracted/metadata/HTA11_6025_20000010115220280020000000000_metadata.csv,s3://cds-290-htan-x6gj-xr09/v24.8.1.img/htan-dcc-vanderbilt/mxif_level_2/AFsubtracted/metadata/HTA11_6025_20000010115220280020000000000_metadata.csv,syn25126370,19132,5277ac83147c91df27a53a36a9ad0214
mxif_level_2/AFsubtracted/metadata/HTA11_6025_20000010115220280030000000000_metadata.csv,s3://cds-290-htan-x6gj-xr09/v24.8.1.img/htan-dcc-vanderbilt/mxif_level_2/AFsubtracted/metadata/HTA11_6025_20000010115220280030000000000_metadata.csv,syn25126369,19132,2aae49d1807b209b9d163e0a49fc99f5
mxif_level_2/AFsubtracted/metadata/HTA11_6025_20000010115220280040000000000_metadata.csv,s3://cds-290-htan-x6gj-xr09/v24.8.1.img/htan-dcc-vanderbilt/mxif_level_2/AFsubtracted/metadata/HTA11_6025_20000010115220280040000000000_metadata.csv,syn25126368,19188,9964c4fbf27a713827ff18236cd99084
mxif_level_2/AFsubtracted/metadata/HTA11_6134_20000010115220260010000000000_metadata.csv,s3://cds-290-htan-x6gj-xr09/v24.8.1.img/htan-dcc-vanderbilt/mxif_level_2/AFsubtracted/metadata/HTA11_6134_20000010115220260010000000000_metadata.csv,syn25126367,17837,72c6c73ff0f5334a3c301170f9a9f69e
mxif_level_2/AFsubtracted/metadata/HTA11_6147_20000010115220280010000000000_metadata.csv,s3://cds-290-htan-x6gj-xr09/v24.8.1.img/htan-dcc-vanderbilt/mxif_level_2/AFsubtracted/metadata/HTA11_6147_20000010115220280010000000000_metadata.csv,syn25126366,19132,5eac923da0df750b8db244dd38d80af9
mxif_level_2/AFsubtracted/metadata/HTA11_6310_20000010115220280010000000000_metadata.csv,s3://cds-290-htan-x6gj-xr09/v24.8.1.img/htan-dcc-vanderbilt/mxif_level_2/AFsubtracted/metadata/HTA11_6310_20000010115220280010000000000_metadata.csv,syn25126365,19132,fa94338b4aefb869a6952c58de52ae9a
mxif_level_2/AFsubtracted/metadata/HTA11_6310_20000010115220280020000000000_metadata.csv,s3://cds-290-htan-x6gj-xr09/v24.8.1.img/htan-dcc-vanderbilt/mxif_level_2/AFsubtracted/metadata/HTA11_6310_20000010115220280020000000000_metadata.csv,syn25126364,19132,cc2c4bcc4d70c2fa3330f754428b9125
mxif_level_2/AFsubtracted/metadata/HTA11_6310_20000010115220280030000000000_metadata.csv,s3://cds-290-htan-x6gj-xr09/v24.8.1.img/htan-dcc-vanderbilt/mxif_level_2/AFsubtracted/metadata/HTA11_6310_20000010115220280030000000000_metadata.csv,syn25126363,19132,7d807499b822158f91c260e3ff33d81e
mxif_level_2/AFsubtracted/metadata/HTA11_6310_20000010115220280040000000000_metadata.csv,s3://cds-290-htan-x6gj-xr09/v24.8.1.img/htan-dcc-vanderbilt/mxif_level_2/AFsubtracted/metadata/HTA11_6310_20000010115220280040000000000_metadata.csv,syn25126362,19132,a6f889f824ac716c0d14362f175e3dcb
mxif_level_2/AFsubtracted/metadata/HTA11_696_20000010115220280010000000000_metadata.csv,s3://cds-290-htan-x6gj-xr09/v24.8.1.img/htan-dcc-vanderbilt/mxif_level_2/AFsubtracted/metadata/HTA11_696_20000010115220280010000000000_metadata.csv,syn25126439,18992,174b1438118e2553bbed0a5f8bc9dfcd
mxif_level_2/AFsubtracted/metadata/HTA11_83_20000010115220280010000000000_metadata.csv,s3://cds-290-htan-x6gj-xr09/v24.8.1.img/htan-dcc-vanderbilt/mxif_level_2/AFsubtracted/metadata/HTA11_83_20000010115220280010000000000_metadata.csv,syn25126464,18852,5c02e10032cf252961b63791e481e82d
mxif_level_2/AFsubtracted/metadata/HTA11_83_20000010115220280020000000000_metadata.csv,s3://cds-290-htan-x6gj-xr09/v24.8.1.img/htan-dcc-vanderbilt/mxif_level_2/AFsubtracted/metadata/HTA11_83_20000010115220280020000000000_metadata.csv,syn25126463,18852,b15d8405450f81bf0c491dd419277e5f
mxif_level_2/AFsubtracted/metadata/HTA11_83_20000010115220280030000000000_metadata.csv,s3://cds-290-htan-x6gj-xr09/v24.8.1.img/htan-dcc-vanderbilt/mxif_level_2/AFsubtracted/metadata/HTA11_83_20000010115220280030000000000_metadata.csv,syn25126462,18852,827737bc2d4bc318aa53ed0caa84c414
mxif_level_2/AFsubtracted/metadata/HTA11_866_20000010115220260010000000000_metadata.csv,s3://cds-290-htan-x6gj-xr09/v24.8.1.img/htan-dcc-vanderbilt/mxif_level_2/AFsubtracted/metadata/HTA11_866_20000010115220260010000000000_metadata.csv,syn25126438,17707,e2969eb916b49506bfc1e49d96400f27
mxif_level_2/AFsubtracted/metadata/HTA11_866_20000010115220260020000000000_metadata.csv,s3://cds-290-htan-x6gj-xr09/v24.8.1.img/htan-dcc-vanderbilt/mxif_level_2/AFsubtracted/metadata/HTA11_866_20000010115220260020000000000_metadata.csv,syn25126435,17707,8956698a149f0f07600d09233a6d236c
imaging_channel_data/TMA01_Ph1_sec06_ChannelMetadata.txt,s3://cds-290-htan-x6gj-xr09/v24.8.1.img/htan-dcc-tma-tnp/imaging_channel_data/TMA01_Ph1_sec06_ChannelMetadata.txt,syn52287315,2117,834ac33a42d0489d0c483d468deaf1ac
imaging_channel_data/TMA01_Ph1_sec12_ChannelMetadata.txt,s3://cds-290-htan-x6gj-xr09/v24.8.1.img/htan-dcc-tma-tnp/imaging_channel_data/TMA01_Ph1_sec12_ChannelMetadata.txt,syn52287314,2117,fa6d15ea18e556ce4bff6d2ce6d4278f
imaging_channel_data/TMA01_Ph3_27.txt,s3://cds-290-htan-x6gj-xr09/v24.8.1.img/htan-dcc-tma-tnp/imaging_channel_data/TMA01_Ph3_27.txt,syn51526282,436,f12f5c643436d403c00075486f30c835
imaging_channel_data/HTA9_15_388801_ChannelMetadata.txt,s3://cds-290-htan-x6gj-xr09/v24.8.1.img/htan-dcc-ohsu/imaging_channel_data/HTA9_15_388801_ChannelMetadata.txt,syn51325432,2219,cfb2bb400d8bb866ede599f0ca88ddcd
imaging_channel_data/HTA9_15_388809_ChannelMetadata.txt,s3://cds-290-htan-x6gj-xr09/v24.8.1.img/htan-dcc-ohsu/imaging_channel_data/HTA9_15_388809_ChannelMetadata.txt,syn51325431,2272,eef427bb1493d9846dc74bb1089b53fc
imaging_channel_data/HTA9_9_344272_ChannelMetadata.txt,s3://cds-290-htan-x6gj-xr09/v24.8.1.img/htan-dcc-ohsu/imaging_channel_data/HTA9_9_344272_ChannelMetadata.txt,syn53254478,1110,3c10858dec89c4e8dea999e7bce027fe
imaging_channel_data/HTA9_12_348127_ChannelMetadata.txt,s3://cds-290-htan-x6gj-xr09/v24.8.1.img/htan-dcc-ohsu/imaging_channel_data/HTA9_12_348127_ChannelMetadata.txt,syn53254475,1110,a29ecf378d57bf0a9c3eb252641b47a0
imaging_channel_data/HTA9_9_357625_ChannelMetadata.txt,s3://cds-290-htan-x6gj-xr09/v24.8.1.img/htan-dcc-ohsu/imaging_channel_data/HTA9_9_357625_ChannelMetadata.txt,syn53254480,1110,b6c68e796c35b563fa998b7b840e921d
imaging_channel_data/HTA9_13_357633_ChannelMetadata.txt,s3://cds-290-htan-x6gj-xr09/v24.8.1.img/htan-dcc-ohsu/imaging_channel_data/HTA9_13_357633_ChannelMetadata.txt,syn53254476,1110,dd7cf8c7b0bab4033352f20eb19df814
imaging_channel_data/HTA9_12_357643_ChannelMetadata.txt,s3://cds-290-htan-x6gj-xr09/v24.8.1.img/htan-dcc-ohsu/imaging_channel_data/HTA9_12_357643_ChannelMetadata.txt,syn53254477,1110,feceda45ecae3fba5a425843519ac5dc
imaging_level_2/HTA13_1_768453_ChannelMetadata.csv,s3://cds-290-htan-x6gj-xr09/v24.8.1.img/htan-dcc-tnp-sardana/imaging_level_2/HTA13_1_768453_ChannelMetadata.csv,syn52288397,2069,21045a90c5df85eb56f9a222d6006bdf
imaging_level_2/HTA13_1_768457_ChannelMetadata.csv,s3://cds-290-htan-x6gj-xr09/v24.8.1.img/htan-dcc-tnp-sardana/imaging_level_2/HTA13_1_768457_ChannelMetadata.csv,syn52288398,2069,0240284e8a35daeeba4f84938feaec63
imaging_level_2/HTA13_1_768487_ChannelMetadata.csv,s3://cds-290-htan-x6gj-xr09/v24.8.1.img/htan-dcc-tnp-sardana/imaging_level_2/HTA13_1_768487_ChannelMetadata.csv,syn52288399,2069,df72652447f71455b58e0ffd7f511d33
codex_auxiliary_files/codex_channel_descriptions/Imaging_Level_2_Channels_Description_4ChannelData_HTAPP.csv,s3://cds-290-htan-x6gj-xr09/v24.8.1.img/htan-dcc-htapp/codex_auxiliary_files/codex_channel_descriptions/Imaging_Level_2_Channels_Description_4ChannelData_HTAPP.csv,syn25841138,29059,545e8c2b4eadbf7e4cdea93afb915136
codex_auxiliary_files/codex_channel_descriptions/Imaging_Level_2_Channels_Description_3ChannelData_HTAPP.csv,s3://cds-290-htan-x6gj-xr09/v24.8.1.img/htan-dcc-htapp/codex_auxiliary_files/codex_channel_descriptions/Imaging_Level_2_Channels_Description_3ChannelData_HTAPP.csv,syn25841139,29263,d306eb36d7105029b7835a2d744866d3
CODEX_Imaging_level_2_BRCA23/HT271B1-S1H6A5_20230420.csv,s3://cds-290-htan-x6gj-xr09/v24.8.1.img/htan-dcc-washu/CODEX_Imaging_level_2_BRCA23/HT271B1-S1H6A5_20230420.csv,syn53271282,766,82d12f4d05c4d07314d7ffaf8b21845e
CODEX_Imaging_level_2_BRCA23/HT110B1-S1H4_20221216.csv,s3://cds-290-htan-x6gj-xr09/v24.8.1.img/htan-dcc-washu/CODEX_Imaging_level_2_BRCA23/HT110B1-S1H4_20221216.csv,syn53271289,643,10247040a2ab142c6ce1910225a29022
CODEX_Imaging_level_2_BRCA23/HT171B1-S1H9A1-4_left_20230512.csv,s3://cds-290-htan-x6gj-xr09/v24.8.1.img/htan-dcc-washu/CODEX_Imaging_level_2_BRCA23/HT171B1-S1H9A1-4_left_20230512.csv,syn53271286,817,8cab6bfb5753663c397d2ac196971494
CODEX_Imaging_level_2_BRCA23/HT171B1-S1H9A1-4_right_20230512.csv,s3://cds-290-htan-x6gj-xr09/v24.8.1.img/htan-dcc-washu/CODEX_Imaging_level_2_BRCA23/HT171B1-S1H9A1-4_right_20230512.csv,syn53271244,817,8cab6bfb5753663c397d2ac196971494
CODEX_Imaging_level_2_BRCA23/HT171B1-S1H9A1-A4_left_20230526.csv,s3://cds-290-htan-x6gj-xr09/v24.8.1.img/htan-dcc-washu/CODEX_Imaging_level_2_BRCA23/HT171B1-S1H9A1-A4_left_20230526.csv,syn53271267,839,152c1b2b48a7e0c97de235b6b0d8d981
CODEX_Imaging_level_2_BRCA23/HT171B1-S1H9A1-A4_right_20230526.csv,s3://cds-290-htan-x6gj-xr09/v24.8.1.img/htan-dcc-washu/CODEX_Imaging_level_2_BRCA23/HT171B1-S1H9A1-A4_right_20230526.csv,syn53271269,839,152c1b2b48a7e0c97de235b6b0d8d981
CODEX_Imaging_level_2_BRCA23/HT206B1-H1_20220625.csv,s3://cds-290-htan-x6gj-xr09/v24.8.1.img/htan-dcc-washu/CODEX_Imaging_level_2_BRCA23/HT206B1-H1_20220625.csv,syn53271249,661,9b0e6fa14075adab187fb199a5743f66
CODEX_Imaging_level_2_BRCA23/HT206B1-S1H2L4_20221028.csv,s3://cds-290-htan-x6gj-xr09/v24.8.1.img/htan-dcc-washu/CODEX_Imaging_level_2_BRCA23/HT206B1-S1H2L4_20221028.csv,syn53271260,495,170eb95c2b9e63b159f16ed03815de03
CODEX_Imaging_level_2_BRCA23/HT206B1-S1H5_left_20230701.csv,s3://cds-290-htan-x6gj-xr09/v24.8.1.img/htan-dcc-washu/CODEX_Imaging_level_2_BRCA23/HT206B1-S1H5_left_20230701.csv,syn53271264,912,bd940309f07f1859404c3de08fc604eb
CODEX_Imaging_level_2_BRCA23/HT206B1-S1H5_right_20230701.csv,s3://cds-290-htan-x6gj-xr09/v24.8.1.img/htan-dcc-washu/CODEX_Imaging_level_2_BRCA23/HT206B1-S1H5_right_20230701.csv,syn53271265,912,bd940309f07f1859404c3de08fc604eb
CODEX_Imaging_level_2_BRCA23/HT243B1-S1H4_20221216.csv,s3://cds-290-htan-x6gj-xr09/v24.8.1.img/htan-dcc-washu/CODEX_Imaging_level_2_BRCA23/HT243B1-S1H4_20221216.csv,syn53282019,643,10247040a2ab142c6ce1910225a29022
CODEX_Imaging_level_2_BRCA23/HT243B1-S1H4A4_20230420.csv,s3://cds-290-htan-x6gj-xr09/v24.8.1.img/htan-dcc-washu/CODEX_Imaging_level_2_BRCA23/HT243B1-S1H4A4_20230420.csv,syn53271246,766,82d12f4d05c4d07314d7ffaf8b21845e
CODEX_Imaging_level_2_BRCA23/HT243B1-S1H4A4_left_20230512.csv,s3://cds-290-htan-x6gj-xr09/v24.8.1.img/htan-dcc-washu/CODEX_Imaging_level_2_BRCA23/HT243B1-S1H4A4_left_20230512.csv,syn53271279,817,8cab6bfb5753663c397d2ac196971494
CODEX_Imaging_level_2_BRCA23/HT243B1-S1H4A4_left_20230526.csv,s3://cds-290-htan-x6gj-xr09/v24.8.1.img/htan-dcc-washu/CODEX_Imaging_level_2_BRCA23/HT243B1-S1H4A4_left_20230526.csv,syn53271259,839,152c1b2b48a7e0c97de235b6b0d8d981
CODEX_Imaging_level_2_BRCA23/HT243B1-S1H4A4_right_20230512.csv,s3://cds-290-htan-x6gj-xr09/v24.8.1.img/htan-dcc-washu/CODEX_Imaging_level_2_BRCA23/HT243B1-S1H4A4_right_20230512.csv,syn53271288,817,8cab6bfb5753663c397d2ac196971494
CODEX_Imaging_level_2_BRCA23/HT243B1-S1H4A4_right_20230526.csv,s3://cds-290-htan-x6gj-xr09/v24.8.1.img/htan-dcc-washu/CODEX_Imaging_level_2_BRCA23/HT243B1-S1H4A4_right_20230526.csv,syn53271285,839,152c1b2b48a7e0c97de235b6b0d8d981
CODEX_Imaging_level_2_BRCA23/HT271B1-S1H6A5_left_20230512.csv,s3://cds-290-htan-x6gj-xr09/v24.8.1.img/htan-dcc-washu/CODEX_Imaging_level_2_BRCA23/HT271B1-S1H6A5_left_20230512.csv,syn53271256,817,8cab6bfb5753663c397d2ac196971494
CODEX_Imaging_level_2_BRCA23/HT271B1-S1H6A5_left_20230526.csv,s3://cds-290-htan-x6gj-xr09/v24.8.1.img/htan-dcc-washu/CODEX_Imaging_level_2_BRCA23/HT271B1-S1H6A5_left_20230526.csv,syn53271266,839,152c1b2b48a7e0c97de235b6b0d8d981
CODEX_Imaging_level_2_BRCA23/HT271B1-S1H6A5_middle_20230526.csv,s3://cds-290-htan-x6gj-xr09/v24.8.1.img/htan-dcc-washu/CODEX_Imaging_level_2_BRCA23/HT271B1-S1H6A5_middle_20230526.csv,syn53271254,839,152c1b2b48a7e0c97de235b6b0d8d981
CODEX_Imaging_level_2_BRCA23/HT271B1-S1H6A5_right_20230512.csv,s3://cds-290-htan-x6gj-xr09/v24.8.1.img/htan-dcc-washu/CODEX_Imaging_level_2_BRCA23/HT271B1-S1H6A5_right_20230512.csv,syn53271251,817,8cab6bfb5753663c397d2ac196971494
CODEX_Imaging_level_2_BRCA23/HT271B1-S1H6A5_right_20230526.csv,s3://cds-290-htan-x6gj-xr09/v24.8.1.img/htan-dcc-washu/CODEX_Imaging_level_2_BRCA23/HT271B1-S1H6A5_right_20230526.csv,syn53271270,839,152c1b2b48a7e0c97de235b6b0d8d981
CODEX_Imaging_level_2_BRCA23/HT297B1-S1H1_left_20230701.csv,s3://cds-290-htan-x6gj-xr09/v24.8.1.img/htan-dcc-washu/CODEX_Imaging_level_2_BRCA23/HT297B1-S1H1_left_20230701.csv,syn53271275,912,bd940309f07f1859404c3de08fc604eb
CODEX_Imaging_level_2_BRCA23/HT297B1-S1H1_right_20230701.csv,s3://cds-290-htan-x6gj-xr09/v24.8.1.img/htan-dcc-washu/CODEX_Imaging_level_2_BRCA23/HT297B1-S1H1_right_20230701.csv,syn53271281,912,bd940309f07f1859404c3de08fc604eb
CODEX_Imaging_level_2_BRCA23/HT305B1-S1H1_20221216.csv,s3://cds-290-htan-x6gj-xr09/v24.8.1.img/htan-dcc-washu/CODEX_Imaging_level_2_BRCA23/HT305B1-S1H1_20221216.csv,syn53271287,643,10247040a2ab142c6ce1910225a29022
CODEX_Imaging_level_2_BRCA23/HT308B1-S1H5A4_20230420.csv,s3://cds-290-htan-x6gj-xr09/v24.8.1.img/htan-dcc-washu/CODEX_Imaging_level_2_BRCA23/HT308B1-S1H5A4_20230420.csv,syn53271272,766,82d12f4d05c4d07314d7ffaf8b21845e
CODEX_Imaging_level_2_BRCA23/HT308B1-S1H5A4_left_20230512.csv,s3://cds-290-htan-x6gj-xr09/v24.8.1.img/htan-dcc-washu/CODEX_Imaging_level_2_BRCA23/HT308B1-S1H5A4_left_20230512.csv,syn53271274,817,8cab6bfb5753663c397d2ac196971494
CODEX_Imaging_level_2_BRCA23/HT308B1-S1H5A4_left_20230526.csv,s3://cds-290-htan-x6gj-xr09/v24.8.1.img/htan-dcc-washu/CODEX_Imaging_level_2_BRCA23/HT308B1-S1H5A4_left_20230526.csv,syn53271245,839,152c1b2b48a7e0c97de235b6b0d8d981
CODEX_Imaging_level_2_BRCA23/HT308B1-S1H5A4_right_20230512.csv,s3://cds-290-htan-x6gj-xr09/v24.8.1.img/htan-dcc-washu/CODEX_Imaging_level_2_BRCA23/HT308B1-S1H5A4_right_20230512.csv,syn53271248,817,8cab6bfb5753663c397d2ac196971494
CODEX_Imaging_level_2_BRCA23/HT308B1-S1H5A4_right_20230526.csv,s3://cds-290-htan-x6gj-xr09/v24.8.1.img/htan-dcc-washu/CODEX_Imaging_level_2_BRCA23/HT308B1-S1H5A4_right_20230526.csv,syn53271283,839,152c1b2b48a7e0c97de235b6b0d8d981
CODEX_Imaging_level_2_BRCA23/HT323B1-A1_20220210.csv,s3://cds-290-htan-x6gj-xr09/v24.8.1.img/htan-dcc-washu/CODEX_Imaging_level_2_BRCA23/HT323B1-A1_20220210.csv,syn53271273,743,7ddedaee5def49458c3eb2b6a6c25c54
CODEX_Imaging_level_2_BRCA23/HT323B1-H1_20220804.csv,s3://cds-290-htan-x6gj-xr09/v24.8.1.img/htan-dcc-washu/CODEX_Imaging_level_2_BRCA23/HT323B1-H1_20220804.csv,syn53271280,617,e78357f6dfcd4abd5147d605376c7238
CODEX_Imaging_level_2_BRCA23/HT323B1-H1A4_20220210.csv,s3://cds-290-htan-x6gj-xr09/v24.8.1.img/htan-dcc-washu/CODEX_Imaging_level_2_BRCA23/HT323B1-H1A4_20220210.csv,syn53271278,743,7ddedaee5def49458c3eb2b6a6c25c54
CODEX_Imaging_level_2_BRCA23/HT323B1-H3_20220211.csv,s3://cds-290-htan-x6gj-xr09/v24.8.1.img/htan-dcc-washu/CODEX_Imaging_level_2_BRCA23/HT323B1-H3_20220211.csv,syn53271258,743,7ddedaee5def49458c3eb2b6a6c25c54
CODEX_Imaging_level_2_BRCA23/HT339B1-H1A1_20220302.csv,s3://cds-290-htan-x6gj-xr09/v24.8.1.img/htan-dcc-washu/CODEX_Imaging_level_2_BRCA23/HT339B1-H1A1_20220302.csv,syn53271252,780,4205336dc0ee7ca67ab7bff62484f385
CODEX_Imaging_level_2_BRCA23/HT339B1-H2A1_20220302.csv,s3://cds-290-htan-x6gj-xr09/v24.8.1.img/htan-dcc-washu/CODEX_Imaging_level_2_BRCA23/HT339B1-H2A1_20220302.csv,syn53271276,780,4205336dc0ee7ca67ab7bff62484f385
CODEX_Imaging_level_2_BRCA23/HT339B2-H2_left_20230701.csv,s3://cds-290-htan-x6gj-xr09/v24.8.1.img/htan-dcc-washu/CODEX_Imaging_level_2_BRCA23/HT339B2-H2_left_20230701.csv,syn53271268,912,bd940309f07f1859404c3de08fc604eb
CODEX_Imaging_level_2_BRCA23/HT339B2-H2_right_20230701.csv,s3://cds-290-htan-x6gj-xr09/v24.8.1.img/htan-dcc-washu/CODEX_Imaging_level_2_BRCA23/HT339B2-H2_right_20230701.csv,syn53271271,912,bd940309f07f1859404c3de08fc604eb
CODEX_Imaging_level_2_BRCA23/HT365B1_S1H1_20230221.csv,s3://cds-290-htan-x6gj-xr09/v24.8.1.img/htan-dcc-washu/CODEX_Imaging_level_2_BRCA23/HT365B1_S1H1_20230221.csv,syn53271261,574,674ebda5e8231ca20d479f595ad0f7ab
CODEX_Imaging_level_2_BRCA23/HT397B1-H2A2_20220505.csv,s3://cds-290-htan-x6gj-xr09/v24.8.1.img/htan-dcc-washu/CODEX_Imaging_level_2_BRCA23/HT397B1-H2A2_20220505.csv,syn53271277,830,350d4098ee8ee3346e646d0a12dbdf08
CODEX_Imaging_level_2_BRCA23/HT397B1-H3A1_20220429.csv,s3://cds-290-htan-x6gj-xr09/v24.8.1.img/htan-dcc-washu/CODEX_Imaging_level_2_BRCA23/HT397B1-H3A1_20220429.csv,syn53271262,830,350d4098ee8ee3346e646d0a12dbdf08
CODEX_Imaging_level_2_BRCA23/HT397B1-S1H3A1-U2_20230315.csv,s3://cds-290-htan-x6gj-xr09/v24.8.1.img/htan-dcc-washu/CODEX_Imaging_level_2_BRCA23/HT397B1-S1H3A1-U2_20230315.csv,syn53271284,635,b1986d159a73bfcf37a4883447e3b0f5
CODEX_Imaging_level_2_BRCA23/HT397B1-S1H3A1-U22_20230316.csv,s3://cds-290-htan-x6gj-xr09/v24.8.1.img/htan-dcc-washu/CODEX_Imaging_level_2_BRCA23/HT397B1-S1H3A1-U22_20230316.csv,syn53271253,635,b1986d159a73bfcf37a4883447e3b0f5
CODEX_Imaging_level_2_BRCA23/HT397B1-S1H3A1-U22_20230413.csv,s3://cds-290-htan-x6gj-xr09/v24.8.1.img/htan-dcc-washu/CODEX_Imaging_level_2_BRCA23/HT397B1-S1H3A1-U22_20230413.csv,syn53271250,680,c89daa07d7a76c8de474d72ca991a156
CODEX_Imaging_level_2_BRCA23/HT397B1-S1H3A1-U31_20230407.csv,s3://cds-290-htan-x6gj-xr09/v24.8.1.img/htan-dcc-washu/CODEX_Imaging_level_2_BRCA23/HT397B1-S1H3A1-U31_20230407.csv,syn53271263,631,7a3dc9e26d17638e51429d1e06f71c6c
CODEX_Imaging_level_2_BRCA23/HT480B1-S1H2_20220915.csv,s3://cds-290-htan-x6gj-xr09/v24.8.1.img/htan-dcc-washu/CODEX_Imaging_level_2_BRCA23/HT480B1-S1H2_20220915.csv,syn53271247,660,1bec9bce48204106392410fc70f4d824
CODEX_Imaging_level_2_BRCA23/HT480B1-S1H2_20220917.csv,s3://cds-290-htan-x6gj-xr09/v24.8.1.img/htan-dcc-washu/CODEX_Imaging_level_2_BRCA23/HT480B1-S1H2_20220917.csv,syn53282018,660,1bec9bce48204106392410fc70f4d824
CODEX_Imaging_level_2_BRCA23/HT565B1-H2_20230427.csv,s3://cds-290-htan-x6gj-xr09/v24.8.1.img/htan-dcc-washu/CODEX_Imaging_level_2_BRCA23/HT565B1-H2_20230427.csv,syn53271255,833,2463f29d8ffa4134b5c5393182d829be
CODEX_Imaging_level_2_BRCA23/HT565B1-S1H2_left_20230701.csv,s3://cds-290-htan-x6gj-xr09/v24.8.1.img/htan-dcc-washu/CODEX_Imaging_level_2_BRCA23/HT565B1-S1H2_left_20230701.csv,syn53282020,912,bd940309f07f1859404c3de08fc604eb
CODEX_Imaging_level_2_BRCA23/HT565B1-S1H2_right_20230701.csv,s3://cds-290-htan-x6gj-xr09/v24.8.1.img/htan-dcc-washu/CODEX_Imaging_level_2_BRCA23/HT565B1-S1H2_right_20230701.csv,syn53271257,912,bd940309f07f1859404c3de08fc604eb
CODEX_Imaging_level_2-spatial_clone/C3L-00970-13u2__20231220.csv,s3://cds-290-htan-x6gj-xr09/v24.8.1.img/htan-dcc-washu/CODEX_Imaging_level_2-spatial_clone/C3L-00970-13u2__20231220.csv,syn61518070,679,5094cab585d12df23121d60b28fd4e2e
CODEX_Imaging_level_2-spatial_clone/C3L-01287-11Us1__20231219.csv,s3://cds-290-htan-x6gj-xr09/v24.8.1.img/htan-dcc-washu/CODEX_Imaging_level_2-spatial_clone/C3L-01287-11Us1__20231219.csv,syn61518075,687,e18c190776c89db2c10a1956473b0b68
CODEX_Imaging_level_2-spatial_clone/HT323B1-S1H3A4__20211008.csv,s3://cds-290-htan-x6gj-xr09/v24.8.1.img/htan-dcc-washu/CODEX_Imaging_level_2-spatial_clone/HT323B1-S1H3A4__20211008.csv,syn61518066,477,2450ed0c77f0bfc0b9a6ce4d3300c95f
CODEX_Imaging_level_2-spatial_clone/HT339B2-H1__20230427.csv,s3://cds-290-htan-x6gj-xr09/v24.8.1.img/htan-dcc-washu/CODEX_Imaging_level_2-spatial_clone/HT339B2-H1__20230427.csv,syn61518068,847,67cb5fced46ea97fd4d54231bbbff0e7
CODEX_Imaging_level_2-spatial_clone/HT413C1-K2__20230427.csv,s3://cds-290-htan-x6gj-xr09/v24.8.1.img/htan-dcc-washu/CODEX_Imaging_level_2-spatial_clone/HT413C1-K2__20230427.csv,syn61518073,847,67cb5fced46ea97fd4d54231bbbff0e7
CODEX_Imaging_level_2-spatial_clone/HT488C1-Th1K1Fp1-U14__20230419.csv,s3://cds-290-htan-x6gj-xr09/v24.8.1.img/htan-dcc-washu/CODEX_Imaging_level_2-spatial_clone/HT488C1-Th1K1Fp1-U14__20230419.csv,syn61518069,461,3fcdd0f3c459377fdc7e4f474aa9feca
CODEX_Imaging_level_2-spatial_clone/HT488C1-Th1K1Fp1__20230413.csv,s3://cds-290-htan-x6gj-xr09/v24.8.1.img/htan-dcc-washu/CODEX_Imaging_level_2-spatial_clone/HT488C1-Th1K1Fp1__20230413.csv,syn61518072,495,7524cdc9025b938d1ead506bc66941a9
CODEX_Imaging_level_2-spatial_clone/HT565B1-H2__20230427.csv,s3://cds-290-htan-x6gj-xr09/v24.8.1.img/htan-dcc-washu/CODEX_Imaging_level_2-spatial_clone/HT565B1-H2__20230427.csv,syn61518067,847,67cb5fced46ea97fd4d54231bbbff0e7
CODEX_Imaging_level_2-spatial_clone/S15_1909_C2_Section3__20230308.csv,s3://cds-290-htan-x6gj-xr09/v24.8.1.img/htan-dcc-washu/CODEX_Imaging_level_2-spatial_clone/S15_1909_C2_Section3__20230308.csv,syn61518074,498,b480574cd37058070a68994efaaff3cc
CODEX_Imaging_level_2-spatial_clone/mCRC_S16-32775_Met__20230826.csv,s3://cds-290-htan-x6gj-xr09/v24.8.1.img/htan-dcc-washu/CODEX_Imaging_level_2-spatial_clone/mCRC_S16-32775_Met__20230826.csv,syn61518076,592,57cc1e29f9b497ba4acc67cdc3baa4c5
CODEX_Imaging_level_2-spatial_clone/mCRC_S16-38794_Met__20230823.csv,s3://cds-290-htan-x6gj-xr09/v24.8.1.img/htan-dcc-washu/CODEX_Imaging_level_2-spatial_clone/mCRC_S16-38794_Met__20230823.csv,syn61518071,611,cdaf0b8d5e08b1c53cb5812032e39b11
CODEX_Imaging_level_2-spatial_clone/mCRC_S16-38794_Primary__20230824.csv,s3://cds-290-htan-x6gj-xr09/v24.8.1.img/htan-dcc-washu/CODEX_Imaging_level_2-spatial_clone/mCRC_S16-38794_Primary__20230824.csv,syn61518077,609,662cdd684a48fa568d95b047c0f9d785
CODEX_level_2_ped_glioma/MarkerNames.csv,s3://cds-290-htan-x6gj-xr09/v24.8.1.img/htan-dcc-chop/CODEX_level_2_ped_glioma/MarkerNames.csv,syn54240599,1144,b84f181630fa7b39fb6dd06514d7c361
codex_level_2/channelNames/channelNames_A001-C-002.csv,s3://cds-290-htan-x6gj-xr09/v24.8.1.img/htan-dcc-stanford/codex_level_2/channelNames/channelNames_A001-C-002.csv,syn58909823,2444,ce9fc849c9031fcddc4b45b3fe47a055
codex_level_2/channelNames/channelNames_A001-C-007.csv,s3://cds-290-htan-x6gj-xr09/v24.8.1.img/htan-dcc-stanford/codex_level_2/channelNames/channelNames_A001-C-007.csv,syn58909825,2577,5a1e9b3ee978e707501575c204e35d36
codex_level_2/channelNames/channelNames_A001-C-023.csv,s3://cds-290-htan-x6gj-xr09/v24.8.1.img/htan-dcc-stanford/codex_level_2/channelNames/channelNames_A001-C-023.csv,syn58909829,2449,69d2141cd036f0581391eaefe08fa4a6
codex_level_2/channelNames/channelNames_A001-C-119.csv,s3://cds-290-htan-x6gj-xr09/v24.8.1.img/htan-dcc-stanford/codex_level_2/channelNames/channelNames_A001-C-119.csv,syn58909832,2444,ce9fc849c9031fcddc4b45b3fe47a055
codex_level_2/channelNames/channelNames_A001-C-124.csv,s3://cds-290-htan-x6gj-xr09/v24.8.1.img/htan-dcc-stanford/codex_level_2/channelNames/channelNames_A001-C-124.csv,syn58909834,2444,ce9fc849c9031fcddc4b45b3fe47a055
codex_level_2/channelNames/channelNames_A002-C-024.csv,s3://cds-290-htan-x6gj-xr09/v24.8.1.img/htan-dcc-stanford/codex_level_2/channelNames/channelNames_A002-C-024.csv,syn58909838,2444,ce9fc849c9031fcddc4b45b3fe47a055
codex_level_2/channelNames/channelNames_A002-C-203.csv,s3://cds-290-htan-x6gj-xr09/v24.8.1.img/htan-dcc-stanford/codex_level_2/channelNames/channelNames_A002-C-203.csv,syn58909843,2449,69d2141cd036f0581391eaefe08fa4a6
codex_level_2/channelNames/channelNames_A014-C-002.csv,s3://cds-290-htan-x6gj-xr09/v24.8.1.img/htan-dcc-stanford/codex_level_2/channelNames/channelNames_A014-C-002.csv,syn58909853,2444,ce9fc849c9031fcddc4b45b3fe47a055
codex_level_2/channelNames/channelNames_A015-C-005.csv,s3://cds-290-htan-x6gj-xr09/v24.8.1.img/htan-dcc-stanford/codex_level_2/channelNames/channelNames_A015-C-005.csv,syn58909854,2602,f248749e3c412892ccd13e155c34e4c7
codex_level_2/channelNames/channelNames_A015-C-202.csv,s3://cds-290-htan-x6gj-xr09/v24.8.1.img/htan-dcc-stanford/codex_level_2/channelNames/channelNames_A015-C-202.csv,syn58909855,2602,f248749e3c412892ccd13e155c34e4c7
codex_level_2/channelNames/channelNames_B001-A-101.csv,s3://cds-290-htan-x6gj-xr09/v24.8.1.img/htan-dcc-stanford/codex_level_2/channelNames/channelNames_B001-A-101.csv,syn58909861,2616,66a4142c822cf9f0ca02a20c05f9038f
codex_level_2/channelNames/channelNames_B001-A-301.csv,s3://cds-290-htan-x6gj-xr09/v24.8.1.img/htan-dcc-stanford/codex_level_2/channelNames/channelNames_B001-A-301.csv,syn58909862,2616,66a4142c822cf9f0ca02a20c05f9038f
codex_level_2/channelNames/channelNames_B001-A-401.csv,s3://cds-290-htan-x6gj-xr09/v24.8.1.img/htan-dcc-stanford/codex_level_2/channelNames/channelNames_B001-A-401.csv,syn58909863,2616,66a4142c822cf9f0ca02a20c05f9038f
codex_level_2/channelNames/channelNames_CRC_TB15564.csv,s3://cds-290-htan-x6gj-xr09/v24.8.1.img/htan-dcc-stanford/codex_level_2/channelNames/channelNames_CRC_TB15564.csv,syn58909864,2577,5a1e9b3ee978e707501575c204e35d36
codex_level_2/channelNames/channelNames_F072B.csv,s3://cds-290-htan-x6gj-xr09/v24.8.1.img/htan-dcc-stanford/codex_level_2/channelNames/channelNames_F072B.csv,syn58909869,2602,f248749e3c412892ccd13e155c34e4c7
codex_level_2/channelNames/channelNames_A001-C-104.csv,s3://cds-290-htan-x6gj-xr09/v24.8.1.img/htan-dcc-stanford/codex_level_2/channelNames/channelNames_A001-C-104.csv,syn58909830,2444,ce9fc849c9031fcddc4b45b3fe47a055
codex_level_2/channelNames/channelNames_A001-C-108.csv,s3://cds-290-htan-x6gj-xr09/v24.8.1.img/htan-dcc-stanford/codex_level_2/channelNames/channelNames_A001-C-108.csv,syn58909831,2444,ce9fc849c9031fcddc4b45b3fe47a055
codex_level_2/channelNames/channelNames_A002-C-016.csv,s3://cds-290-htan-x6gj-xr09/v24.8.1.img/htan-dcc-stanford/codex_level_2/channelNames/channelNames_A002-C-016.csv,syn58909835,2444,ce9fc849c9031fcddc4b45b3fe47a055
codex_level_2/channelNames/channelNames_A002-C-021.csv,s3://cds-290-htan-x6gj-xr09/v24.8.1.img/htan-dcc-stanford/codex_level_2/channelNames/channelNames_A002-C-021.csv,syn58909836,2444,ce9fc849c9031fcddc4b45b3fe47a055
codex_level_2/channelNames/channelNames_A002-C-025.csv,s3://cds-290-htan-x6gj-xr09/v24.8.1.img/htan-dcc-stanford/codex_level_2/channelNames/channelNames_A002-C-025.csv,syn58909839,2444,ce9fc849c9031fcddc4b45b3fe47a055
codex_level_2/channelNames/channelNames_A002-C-106.csv,s3://cds-290-htan-x6gj-xr09/v24.8.1.img/htan-dcc-stanford/codex_level_2/channelNames/channelNames_A002-C-106.csv,syn58909842,2444,ce9fc849c9031fcddc4b45b3fe47a055
codex_level_2/channelNames/channelNames_A002-C-204.csv,s3://cds-290-htan-x6gj-xr09/v24.8.1.img/htan-dcc-stanford/codex_level_2/channelNames/channelNames_A002-C-204.csv,syn58909847,2444,ce9fc849c9031fcddc4b45b3fe47a055
codex_level_2/channelNames/channelNames_A002-C-205.csv,s3://cds-290-htan-x6gj-xr09/v24.8.1.img/htan-dcc-stanford/codex_level_2/channelNames/channelNames_A002-C-205.csv,syn58909849,2444,ce9fc849c9031fcddc4b45b3fe47a055
codex_level_2/channelNames/channelNames_A002-C-211.csv,s3://cds-290-htan-x6gj-xr09/v24.8.1.img/htan-dcc-stanford/codex_level_2/channelNames/channelNames_A002-C-211.csv,syn58909850,2444,ce9fc849c9031fcddc4b45b3fe47a055
codex_level_2/channelNames/channelNames_A002-C-212.csv,s3://cds-290-htan-x6gj-xr09/v24.8.1.img/htan-dcc-stanford/codex_level_2/channelNames/channelNames_A002-C-212.csv,syn58909852,2444,ce9fc849c9031fcddc4b45b3fe47a055
codex_level_2/channelNames/channelNames_A015-C-204.csv,s3://cds-290-htan-x6gj-xr09/v24.8.1.img/htan-dcc-stanford/codex_level_2/channelNames/channelNames_A015-C-204.csv,syn58909856,2602,f248749e3c412892ccd13e155c34e4c7
codex_level_2/channelNames/channelNames_A015-C-206.csv,s3://cds-290-htan-x6gj-xr09/v24.8.1.img/htan-dcc-stanford/codex_level_2/channelNames/channelNames_A015-C-206.csv,syn58909858,2602,f248749e3c412892ccd13e155c34e4c7
codex_level_2/channelNames/channelNames_A015-C-208.csv,s3://cds-290-htan-x6gj-xr09/v24.8.1.img/htan-dcc-stanford/codex_level_2/channelNames/channelNames_A015-C-208.csv,syn58909859,2602,f248749e3c412892ccd13e155c34e4c7
codex_level_2/channelNames/channelNames_G024.csv,s3://cds-290-htan-x6gj-xr09/v24.8.1.img/htan-dcc-stanford/codex_level_2/channelNames/channelNames_G024.csv,syn58909871,1398,b3f7158504cd623d5f93951ebec2b040
codex_level_2/channelNames/channelNames-G025.csv,s3://cds-290-htan-x6gj-xr09/v24.8.1.img/htan-dcc-stanford/codex_level_2/channelNames/channelNames-G025.csv,syn58909816,1398,b3f7158504cd623d5f93951ebec2b040
codex_level_2/channelNames/channelNames-G043.csv,s3://cds-290-htan-x6gj-xr09/v24.8.1.img/htan-dcc-stanford/codex_level_2/channelNames/channelNames-G043.csv,syn58909819,1398,b3f7158504cd623d5f93951ebec2b040
codex_level_2/channelNames/channelNames-G044.csv,s3://cds-290-htan-x6gj-xr09/v24.8.1.img/htan-dcc-stanford/codex_level_2/channelNames/channelNames-G044.csv,syn58909820,1398,b3f7158504cd623d5f93951ebec2b040
codex_level_2/channelNames/channelNames-G051.csv,s3://cds-290-htan-x6gj-xr09/v24.8.1.img/htan-dcc-stanford/codex_level_2/channelNames/channelNames-G051.csv,syn58909822,1398,b3f7158504cd623d5f93951ebec2b040
codex_level_2/channelNames/channelNames_G055.csv,s3://cds-290-htan-x6gj-xr09/v24.8.1.img/htan-dcc-stanford/codex_level_2/channelNames/channelNames_G055.csv,syn58909873,2602,f248749e3c412892ccd13e155c34e4c7
codex_level_2/channelNames/channelNames_G061.csv,s3://cds-290-htan-x6gj-xr09/v24.8.1.img/htan-dcc-stanford/codex_level_2/channelNames/channelNames_G061.csv,syn58909877,2602,f248749e3c412892ccd13e155c34e4c7
codex_level_2/channelNames/channelNames_G062.csv,s3://cds-290-htan-x6gj-xr09/v24.8.1.img/htan-dcc-stanford/codex_level_2/channelNames/channelNames_G062.csv,syn58909878,2602,f248749e3c412892ccd13e155c34e4c7
codex_level_2/channelNames/channelNames_G_Desc3.csv,s3://cds-290-htan-x6gj-xr09/v24.8.1.img/htan-dcc-stanford/codex_level_2/channelNames/channelNames_G_Desc3.csv,syn58909879,1398,b3f7158504cd623d5f93951ebec2b040
codex_level_2/channelNames/channelnames_A001-C-043.csv,s3://cds-290-htan-x6gj-xr09/v24.8.1.img/htan-dcc-stanford/codex_level_2/channelNames/channelnames_A001-C-043.csv,syn61375757,1670,a0a7a118da7890554325a79ec9b491db
codex_level_2/channelNames/channelnames_A001-C-207.csv,s3://cds-290-htan-x6gj-xr09/v24.8.1.img/htan-dcc-stanford/codex_level_2/channelNames/channelnames_A001-C-207.csv,syn61375758,2577,1e7cbbeac368056a8ff82bd57d03d9f6
codex_level_2/channelNames/channelnames_A014-C-114.csv,s3://cds-290-htan-x6gj-xr09/v24.8.1.img/htan-dcc-stanford/codex_level_2/channelNames/channelnames_A014-C-114.csv,syn61375788,1670,a0a7a118da7890554325a79ec9b491db
codex_level_2/channelNames/MarkerList_A015-C-010.csv,s3://cds-290-htan-x6gj-xr09/v24.8.1.img/htan-dcc-stanford/codex_level_2/channelNames/MarkerList_A015-C-010.csv,syn61375754,1369,55ec409683dbc1a4b0c8d384cee09de3
codex_level_2/channelNames/MarkerList_A015-C-207.csv,s3://cds-290-htan-x6gj-xr09/v24.8.1.img/htan-dcc-stanford/codex_level_2/channelNames/MarkerList_A015-C-207.csv,syn61375756,1369,55ec409683dbc1a4b0c8d384cee09de3
codex_level_2/channelNames/MarkerList_A018-E-014.csv,s3://cds-290-htan-x6gj-xr09/v24.8.1.img/htan-dcc-stanford/codex_level_2/channelNames/MarkerList_A018-E-014.csv,syn61375807,1369,55ec409683dbc1a4b0c8d384cee09de3
codex_level_2/channelNames/MarkerList_A018-E-021.csv,s3://cds-290-htan-x6gj-xr09/v24.8.1.img/htan-dcc-stanford/codex_level_2/channelNames/MarkerList_A018-E-021.csv,syn61375759,1369,55ec409683dbc1a4b0c8d384cee09de3
codex_level_2/channelNames/MarkerList_A020-E-008.csv,s3://cds-290-htan-x6gj-xr09/v24.8.1.img/htan-dcc-stanford/codex_level_2/channelNames/MarkerList_A020-E-008.csv,syn61786218,1369,55ec409683dbc1a4b0c8d384cee09de3
codex_level_2/channelNames/MarkerList_A027-E-002.csv,s3://cds-290-htan-x6gj-xr09/v24.8.1.img/htan-dcc-stanford/codex_level_2/channelNames/MarkerList_A027-E-002.csv,syn61375776,1369,55ec409683dbc1a4b0c8d384cee09de3
codex_level_2/channelNames/MarkerList_A035-E-045.csv,s3://cds-290-htan-x6gj-xr09/v24.8.1.img/htan-dcc-stanford/codex_level_2/channelNames/MarkerList_A035-E-045.csv,syn61375761,1369,55ec409683dbc1a4b0c8d384cee09de3
codex_level_2/channelNames/MarkerList_A040-C-005.csv,s3://cds-290-htan-x6gj-xr09/v24.8.1.img/htan-dcc-stanford/codex_level_2/channelNames/MarkerList_A040-C-005.csv,syn61375766,1443,55baf60d6ba4765f4585f64c69df5620
codex_level_2/channelNames/MarkerList_A040-C-006.csv,s3://cds-290-htan-x6gj-xr09/v24.8.1.img/htan-dcc-stanford/codex_level_2/channelNames/MarkerList_A040-C-006.csv,syn61375768,1443,55baf60d6ba4765f4585f64c69df5620
codex_level_2/channelNames/MarkerList_A051-C-058.csv,s3://cds-290-htan-x6gj-xr09/v24.8.1.img/htan-dcc-stanford/codex_level_2/channelNames/MarkerList_A051-C-058.csv,syn61786219,1443,55baf60d6ba4765f4585f64c69df5620
codex_level_2/channelNames/MarkerList_A051-C-059.csv,s3://cds-290-htan-x6gj-xr09/v24.8.1.img/htan-dcc-stanford/codex_level_2/channelNames/MarkerList_A051-C-059.csv,syn61786220,1443,55baf60d6ba4765f4585f64c69df5620
codex_level_2/channelNames/MarkerList_A055-C-212.csv,s3://cds-290-htan-x6gj-xr09/v24.8.1.img/htan-dcc-stanford/codex_level_2/channelNames/MarkerList_A055-C-212.csv,syn61375775,1443,55baf60d6ba4765f4585f64c69df5620
codex_level_2/channelNames/MarkerList_A055-C-213.csv,s3://cds-290-htan-x6gj-xr09/v24.8.1.img/htan-dcc-stanford/codex_level_2/channelNames/MarkerList_A055-C-213.csv,syn61375797,1443,55baf60d6ba4765f4585f64c69df5620
codex_level_2/channelNames/MarkerList_A057-C-112.csv,s3://cds-290-htan-x6gj-xr09/v24.8.1.img/htan-dcc-stanford/codex_level_2/channelNames/MarkerList_A057-C-112.csv,syn61375799,1443,55baf60d6ba4765f4585f64c69df5620
codex_level_2/channelNames/MarkerList_A057-C-113.csv,s3://cds-290-htan-x6gj-xr09/v24.8.1.img/htan-dcc-stanford/codex_level_2/channelNames/MarkerList_A057-C-113.csv,syn61375808,1443,55baf60d6ba4765f4585f64c69df5620
codex_level_2/channelNames/MarkerList_A057-C-115.csv,s3://cds-290-htan-x6gj-xr09/v24.8.1.img/htan-dcc-stanford/codex_level_2/channelNames/MarkerList_A057-C-115.csv,syn61375812,1443,55baf60d6ba4765f4585f64c69df5620
codex_level_2/channelNames/MarkerList_A057-C-116.csv,s3://cds-290-htan-x6gj-xr09/v24.8.1.img/htan-dcc-stanford/codex_level_2/channelNames/MarkerList_A057-C-116.csv,syn61375778,1443,55baf60d6ba4765f4585f64c69df5620
codex_level_2/channelNames/MarkerList_A069-C-052.csv,s3://cds-290-htan-x6gj-xr09/v24.8.1.img/htan-dcc-stanford/codex_level_2/channelNames/MarkerList_A069-C-052.csv,syn61375781,1447,65f1016adc0731cdcd7e7790612f83c4
codex_level_2/channelNames/MarkerList_B001-A-201.csv,s3://cds-290-htan-x6gj-xr09/v24.8.1.img/htan-dcc-stanford/codex_level_2/channelNames/MarkerList_B001-A-201.csv,syn61375787,1369,7b1dc9914392cbeff5c61a717eed2f92
codex_level_2/channelNames/channelnames_B004-A-004.csv,s3://cds-290-htan-x6gj-xr09/v24.8.1.img/htan-dcc-stanford/codex_level_2/channelNames/channelnames_B004-A-004.csv,syn61786217,2616,37ba079e5f23cdb5b55f0141bee47e40
codex_level_2/channelNames/MarkerList_B004-A-008.csv,s3://cds-290-htan-x6gj-xr09/v24.8.1.img/htan-dcc-stanford/codex_level_2/channelNames/MarkerList_B004-A-008.csv,syn61375815,1369,7b1dc9914392cbeff5c61a717eed2f92
codex_level_2/channelNames/channelnames_B004-A-404.csv,s3://cds-290-htan-x6gj-xr09/v24.8.1.img/htan-dcc-stanford/codex_level_2/channelNames/channelnames_B004-A-404.csv,syn61375794,2616,37ba079e5f23cdb5b55f0141bee47e40
codex_level_2/channelNames/channelnames_B004-A-408.csv,s3://cds-290-htan-x6gj-xr09/v24.8.1.img/htan-dcc-stanford/codex_level_2/channelNames/channelnames_B004-A-408.csv,syn61375751,2616,37ba079e5f23cdb5b55f0141bee47e40
codex_level_2/channelNames/channelnames_B004-A-504.csv,s3://cds-290-htan-x6gj-xr09/v24.8.1.img/htan-dcc-stanford/codex_level_2/channelNames/channelnames_B004-A-504.csv,syn61375752,2616,37ba079e5f23cdb5b55f0141bee47e40
codex_level_2/channelNames/MarkerList_B005-A-002.csv,s3://cds-290-htan-x6gj-xr09/v24.8.1.img/htan-dcc-stanford/codex_level_2/channelNames/MarkerList_B005-A-002.csv,syn61375795,1369,7b1dc9914392cbeff5c61a717eed2f92
codex_level_2/channelNames/MarkerList_B006-A-101.csv,s3://cds-290-htan-x6gj-xr09/v24.8.1.img/htan-dcc-stanford/codex_level_2/channelNames/MarkerList_B006-A-101.csv,syn61375798,1369,55ec409683dbc1a4b0c8d384cee09de3
codex_level_2/channelNames/MarkerList_CRC_19779.csv,s3://cds-290-htan-x6gj-xr09/v24.8.1.img/htan-dcc-stanford/codex_level_2/channelNames/MarkerList_CRC_19779.csv,syn61375800,1443,55baf60d6ba4765f4585f64c69df5620
codex_level_2/channelNames/MarkerList_CRC_23135.csv,s3://cds-290-htan-x6gj-xr09/v24.8.1.img/htan-dcc-stanford/codex_level_2/channelNames/MarkerList_CRC_23135.csv,syn61375809,1443,55baf60d6ba4765f4585f64c69df5620
codex_level_2/channelNames/MarkerList_CRC_8396.csv,s3://cds-290-htan-x6gj-xr09/v24.8.1.img/htan-dcc-stanford/codex_level_2/channelNames/MarkerList_CRC_8396.csv,syn61375813,1443,55baf60d6ba4765f4585f64c69df5620
imaging_channel_data/TNP-TMA-1B_Channel-HTA14.csv,s3://cds-290-htan-x6gj-xr09/v24.8.1.img/htan-dcc-tma-tnp/imaging_channel_data/TNP-TMA-1B_Channel-HTA14.csv,syn52287355,603,82919fd30cf72b68b5014efeb443abea
imaging_channel_data/TNP-TMA-2A_Channel-HTA14.csv,s3://cds-290-htan-x6gj-xr09/v24.8.1.img/htan-dcc-tma-tnp/imaging_channel_data/TNP-TMA-2A_Channel-HTA14.csv,syn52287353,1083,1da637b27d73c7b493450d8f7fb81f0f
imaging_channel_data/TNP-TMA-7A_Channel-HTA14.csv,s3://cds-290-htan-x6gj-xr09/v24.8.1.img/htan-dcc-tma-tnp/imaging_channel_data/TNP-TMA-7A_Channel-HTA14.csv,syn52287351,1083,70feb4e611abde197f237550eae68360
imaging_channel_data/TNP-TMA-8B_Channel-HTA14.csv,s3://cds-290-htan-x6gj-xr09/v24.8.1.img/htan-dcc-tma-tnp/imaging_channel_data/TNP-TMA-8B_Channel-HTA14.csv,syn52287352,603,82919fd30cf72b68b5014efeb443abea
imaging_channel_data/TNP-TMA-28.txt,s3://cds-290-htan-x6gj-xr09/v24.8.1.img/htan-dcc-tma-tnp/imaging_channel_data/TNP-TMA-28.txt,syn51526286,1014,8ef12aebc6135140aaa94b9e7c0378a6
imaging_channel_data/Channel_cmIF_2021-11-21_HTAN-B.csv,s3://cds-290-htan-x6gj-xr09/v24.8.1.img/htan-dcc-ohsu/imaging_channel_data/Channel_cmIF_2021-11-21_HTAN-B.csv,syn52287382,641,8b2faba92b2d9e0981019811522666fd
imaging_channel_data/Channel_cmIF_2021-11-21_HTAN-A.csv,s3://cds-290-htan-x6gj-xr09/v24.8.1.img/htan-dcc-ohsu/imaging_channel_data/Channel_cmIF_2021-11-21_HTAN-A.csv,syn52287380,999,78ddaddf1d37100b5e321e626ed07996
imaging_level_2/SDA_MarkerTable.csv,s3://cds-290-htan-x6gj-xr09/v24.8.1.img/htan-dcc-tnp-sardana/imaging_level_2/SDA_MarkerTable.csv,syn52288400,512,cfa488d7ca5e0c702491622cc7785ddc
merfish_auxiliary_files/dataorganization_raw.csv,s3://cds-290-htan-x6gj-xr09/v24.8.1.img/htan-dcc-htapp/merfish_auxiliary_files/dataorganization_raw.csv,syn25705616,2041,52e5afff2ff8a93ad3625a50f8818da0
merfish_auxiliary_files_melanoma/dataorganization_processed.csv,s3://cds-290-htan-x6gj-xr09/v24.8.1.img/htan-dcc-dfci/merfish_auxiliary_files_melanoma/dataorganization_processed.csv,syn61377415,1402,0561316a3b163872eccc483a457f7100
merfish_auxiliary_files_breast/dataorganization_processed.csv,s3://cds-290-htan-x6gj-xr09/v24.8.1.img/htan-dcc-dfci/merfish_auxiliary_files_breast/dataorganization_processed.csv,syn60219671,1402,0561316a3b163872eccc483a457f7100
imaging_channel_data/HMS-tCyCIF-OHSU-TMATNP-channel-metadata-v1-tumor_panel.csv,s3://cds-290-htan-x6gj-xr09/v24.8.1.img/htan-dcc-tma-tnp/imaging_channel_data/HMS-tCyCIF-OHSU-TMATNP-channel-metadata-v1-tumor_panel.csv,syn52287357,6033,eedc1cd6a9ba93e405ccb4f21856ffb0
imaging_channel_data/HMS-tCyCIF-OHSU-TMATNP-channel-metadata-v1-immune_panel.csv,s3://cds-290-htan-x6gj-xr09/v24.8.1.img/htan-dcc-tma-tnp/imaging_channel_data/HMS-tCyCIF-OHSU-TMATNP-channel-metadata-v1-immune_panel.csv,syn52287350,5946,eef83dbd720993cfede3e92cd0e5343e
imaging_channel_data/OHSU_TMA1_026.txt,s3://cds-290-htan-x6gj-xr09/v24.8.1.img/htan-dcc-tma-tnp/imaging_channel_data/OHSU_TMA1_026.txt,syn51526283,875,c25324d69d734896017a245e619805db
imaging_channel_data/OHSU_TMA1_025.txt,s3://cds-290-htan-x6gj-xr09/v24.8.1.img/htan-dcc-tma-tnp/imaging_channel_data/OHSU_TMA1_025.txt,syn51526285,1129,8c5c1cb5e21eb28cc32cf025b6b9b4f1
imaging_channel_data/45-10-immune.csv,s3://cds-290-htan-x6gj-xr09/v24.8.1.img/htan-dcc-ohsu/imaging_channel_data/45-10-immune.csv,syn52287381,6357,59da001c654d63d24d8b1ff4440472d1
imaging_channel_data/45-9-tumor.csv,s3://cds-290-htan-x6gj-xr09/v24.8.1.img/htan-dcc-ohsu/imaging_channel_data/45-9-tumor.csv,syn52287383,6856,e13914cf25df7aa8aa8ef21b75ed6850
imaging_channel_data/p45-e8-htan_channel_antibody_report-tumor_panel.csv,s3://cds-290-htan-x6gj-xr09/v24.8.1.img/htan-dcc-ohsu/imaging_channel_data/p45-e8-htan_channel_antibody_report-tumor_panel.csv,syn53293986,4900,a047afe5e65b87c233502644194c5e43
imaging_channel_data/p45-e18-htan_channel_antibody_report-immune_panel.csv,s3://cds-290-htan-x6gj-xr09/v24.8.1.img/htan-dcc-ohsu/imaging_channel_data/p45-e18-htan_channel_antibody_report-immune_panel.csv,syn53293994,4558,e202fc7022142567de58625ef5773f1a